{
  "reg_loss": [
    1.170440673828125,
    1.0982842445373535,
    1.0709686279296875,
    1.0420219898223877,
    1.065834879875183,
    1.0333410501480103,
    1.0308761596679688,
    1.0205483436584473,
    1.036920428276062,
    1.0312563180923462,
    1.024570345878601,
    1.0257353782653809,
    1.0187286138534546,
    1.0214117765426636,
    1.0129674673080444,
    1.0119647979736328,
    1.0131592750549316,
    1.008886456489563,
    1.0059245824813843,
    1.0040123462677002,
    1.0103213787078857,
    1.0141340494155884,
    1.0125328302383423,
    1.0064008235931396,
    1.005849838256836,
    1.0124521255493164,
    1.0124355554580688,
    1.0102483034133911,
    1.0075092315673828,
    1.0142987966537476
  ],
  "reg_mae": [
    0.7801089882850647,
    0.735689103603363,
    0.7186555862426758,
    0.7061561942100525,
    0.7097131609916687,
    0.6971359848976135,
    0.700283408164978,
    0.6904648542404175,
    0.6985794901847839,
    0.6956908106803894,
    0.692146897315979,
    0.6942461729049683,
    0.693754255771637,
    0.6868964433670044,
    0.6889110803604126,
    0.684263288974762,
    0.6889069080352783,
    0.6831018328666687,
    0.6829046607017517,
    0.6840934157371521,
    0.686291515827179,
    0.6859054565429688,
    0.6854091882705688,
    0.6858946084976196,
    0.6814447641372681,
    0.6863571405410767,
    0.6844109892845154,
    0.6864941716194153,
    0.6815851926803589,
    0.6863396167755127
  ],
  "reg_val_loss": [
    0.35045844316482544,
    0.34537386894226074,
    0.34662872552871704,
    0.34737762808799744,
    0.3452041447162628,
    0.3494335412979126,
    0.34601444005966187,
    0.36229750514030457,
    0.3512653708457947,
    0.3485284447669983,
    0.34712648391723633,
    0.34847843647003174,
    0.34524714946746826,
    0.34517350792884827,
    0.3445611596107483,
    0.34948256611824036,
    0.3468121290206909,
    0.34500283002853394,
    0.3456493318080902,
    0.3480905592441559,
    0.345691055059433,
    0.3490764796733856,
    0.3478126525878906,
    0.3463045656681061,
    0.3455713391304016,
    0.34528470039367676,
    0.34732282161712646,
    0.34769225120544434,
    0.3450494408607483,
    0.3449511229991913
  ],
  "reg_val_mae": [
    0.4471307396888733,
    0.4430190622806549,
    0.44390255212783813,
    0.4459320306777954,
    0.44301697611808777,
    0.4484700560569763,
    0.44433438777923584,
    0.4610358774662018,
    0.4506419003009796,
    0.44554829597473145,
    0.4441177546977997,
    0.4452240765094757,
    0.4427955746650696,
    0.4430268704891205,
    0.4421599805355072,
    0.4484308660030365,
    0.4449380040168762,
    0.44322168827056885,
    0.44388115406036377,
    0.4468846619129181,
    0.443185031414032,
    0.4478812515735626,
    0.44646626710891724,
    0.44467249512672424,
    0.44354790449142456,
    0.443378210067749,
    0.4444098174571991,
    0.444732666015625,
    0.44271424412727356,
    0.44280335307121277
  ],
  "reg_learning_rate": [
    0.0010000000474974513,
    0.0010000000474974513,
    0.0010000000474974513,
    0.0010000000474974513,
    0.0010000000474974513,
    0.0010000000474974513,
    0.0010000000474974513,
    0.0010000000474974513,
    0.0010000000474974513,
    0.0010000000474974513,
    0.0010000000474974513,
    0.0010000000474974513,
    0.0005000000237487257,
    0.0005000000237487257,
    0.0005000000237487257,
    0.0005000000237487257,
    0.0005000000237487257,
    0.0005000000237487257,
    0.0005000000237487257,
    0.0005000000237487257,
    0.0005000000237487257,
    0.0005000000237487257,
    0.0002500000118743628,
    0.0002500000118743628,
    0.0002500000118743628,
    0.0002500000118743628,
    0.0002500000118743628,
    0.0002500000118743628,
    0.0002500000118743628,
    0.0001250000059371814
  ],
  "cls_accuracy": [
    0.5286195278167725,
    0.5176767706871033,
    0.5101010203361511,
    0.5126262903213501,
    0.48400673270225525,
    0.5067340135574341,
    0.4764309823513031,
    0.4848484992980957,
    0.48400673270225525,
    0.49915826320648193,
    0.5050504803657532,
    0.5109427571296692,
    0.5016834735870361,
    0.5193602442741394,
    0.49074074625968933,
    0.5008417367935181,
    0.49074074625968933,
    0.49410775303840637,
    0.5
  ],
  "cls_loss": [
    0.7262906432151794,
    0.7148401737213135,
    0.7092620134353638,
    0.7150816321372986,
    0.7191466093063354,
    0.7052093148231506,
    0.7150473594665527,
    0.7112763524055481,
    0.7110440731048584,
    0.7031270265579224,
    0.7011315822601318,
    0.7002625465393066,
    0.7023207545280457,
    0.695950448513031,
    0.7026061415672302,
    0.7005538940429688,
    0.7035830020904541,
    0.7005883455276489,
    0.7020582556724548
  ],
  "cls_val_accuracy": [
    0.5268456339836121,
    0.5268456339836121,
    0.5268456339836121,
    0.5268456339836121,
    0.5268456339836121,
    0.5268456339836121,
    0.5268456339836121,
    0.5268456339836121,
    0.5268456339836121,
    0.5268456339836121,
    0.5268456339836121,
    0.5268456339836121,
    0.5268456339836121,
    0.5268456339836121,
    0.47651007771492004,
    0.5268456339836121,
    0.5268456339836121,
    0.5268456339836121,
    0.5268456339836121
  ],
  "cls_val_loss": [
    0.6929576992988586,
    0.6924657821655273,
    0.6926130056381226,
    0.6918493509292603,
    0.6926453113555908,
    0.6926152110099792,
    0.692907989025116,
    0.6928890943527222,
    0.6962375640869141,
    0.6932637095451355,
    0.6948879957199097,
    0.694333553314209,
    0.693225085735321,
    0.6930863261222839,
    0.6944533586502075,
    0.6929323673248291,
    0.69259113073349,
    0.6928632259368896,
    0.6930426359176636
  ],
  "cls_learning_rate": [
    0.0003000000142492354,
    0.0003000000142492354,
    0.0003000000142492354,
    0.0003000000142492354,
    0.0003000000142492354,
    0.0003000000142492354,
    0.0003000000142492354,
    0.0003000000142492354,
    0.0003000000142492354,
    0.0003000000142492354,
    0.0003000000142492354,
    0.0001500000071246177,
    0.0001500000071246177,
    0.0001500000071246177,
    0.0001500000071246177,
    0.0001500000071246177,
    0.0001500000071246177,
    0.0001500000071246177,
    7.500000356230885e-05
  ]
}